"type";"source";"aa";"nvalue";"separates";"norm_nvalue";"ntotal";"norm_nvalue2";"base_nvalue"
"Mature protein";"euk";"A";0,0728419837560907;TRUE;0,992155144461942;0,077205803215877;0,943478090013719;-0,00436381945978634
"Mature protein";"euk";"C";0,0224796592484792;TRUE;1,06315258015618;0,0217805097801654;1,03209977522888;0,000699149468313801
"Mature protein";"euk";"D";0,048576031590538;FALSE;1,00209549273595;0,0460379644463851;1,05512987323991;0,00253806714415291
"Mature protein";"euk";"E";0,0604731112698328;FALSE;0,998192094819746;0,0577746241532108;1,04670713407786;0,00269848711662198
"Mature protein";"euk";"F";0,0416668383052579;FALSE;0,992764490945996;0,0425377999317341;0,979524995935993;-0,00087096162647618
"Mature protein";"euk";"G";0,069898771242464;FALSE;1,00734709996666;0,0690039022260216;1,0129683827664;0,000894869016442382
"Mature protein";"euk";"H";0,0224276561398229;FALSE;1,00014732514198;0,0217443780577431;1,03142320650723;0,000683278082079825
"Mature protein";"euk";"I";0,0504872445791549;FALSE;0,985407979650015;0,0508527086491656;0,992813282129531;-0,000365464070010695
"Mature protein";"euk";"K";0,0581679432192472;FALSE;0,99515408618699;0,0563401178970415;1,03244269608285;0,00182782532220568
"Mature protein";"euk";"L";0,0953106844453864;TRUE;0,984930240487558;0,105502323192876;0,903398916355071;-0,0101916387474894
"Mature protein";"euk";"M";0,0178166280688092;FALSE;0,988402078522673;0,0180981491332999;0,984444759383008;-0,000281521064490683
"Mature protein";"euk";"N";0,0432662798863518;FALSE;1,00144364207578;0,0413262340905107;1,04694465485512;0,00194004579584103
"Mature protein";"euk";"P";0,057337936268841;FALSE;1,0075581901101;0,0558227423823566;1,02714294966209;0,00151519388648431
"Mature protein";"euk";"Q";0,0410030605746082;FALSE;1,01136085039402;0,0393459081977497;1,04211752766081;0,00165715237685855
"Mature protein";"euk";"R";0,0535541868417316;FALSE;1,01820494218238;0,0514162097669427;1,04158177128341;0,00213797707478892
"Mature protein";"euk";"S";0,0822931921475777;TRUE;0,994605407420675;0,0825594482147854;0,996774977631693;-0,000266256067207746
"Mature protein";"euk";"T";0,0550142943449386;FALSE;1,00220363398753;0,0547626222712862;1,00459569069585;0,00025167207365237
"Mature protein";"euk";"V";0,064304098849279;FALSE;0,994522992302449;0,0660564761884262;0,973471528603062;-0,0017523773391472
"Mature protein";"euk";"W";0,0118711618486453;FALSE;1,01804059811146;0,0121394899738314;0,977896260405955;-0,000268328125186092
"Mature protein";"euk";"Y";0,0312092373729437;FALSE;1,00957209277715;0,0296925882305911;1,05107837452816;0,00151664914235255
"Mature protein";"gm";"A";0,0931547386511077;TRUE;0,999591452610984;0,0957560180541625;0,972834298502435;-0,00260127940305481
"Mature protein";"gm";"C";0,00995787275860591;TRUE;0,999492789623536;0,0100627970869129;0,989573045406683;-0,000104924328307004
"Mature protein";"gm";"D";0,0567122538025419;FALSE;1,00150857560506;0,0555116436265318;1,0216280783197;0,00120061017601018
"Mature protein";"gm";"E";0,0669241766720457;FALSE;0,994855064052543;0,0659587458026253;1,01463688943252;0,000965430869420414
"Mature protein";"gm";"F";0,036674827401239;FALSE;1,00118572588496;0,0369028280493655;0,993821594165588;-0,00022800064812651
"Mature protein";"gm";"G";0,0713209797419551;FALSE;1,00552687988891;0,070443667960403;1,01245409001197;0,000877311781552134
"Mature protein";"gm";"H";0,0225591582833665;FALSE;0,996202004223756;0,0224232480048842;1,00606113255549;0,000135910278482278
"Mature protein";"gm";"I";0,0657055050726415;FALSE;0,99485040555897;0,065766593258035;0,999071136539584;-6,10881853934375e-05
"Mature protein";"gm";"K";0,0608511022972546;FALSE;0,999529362024515;0,0609355239631939;0,998614573889767;-8,44216659393326e-05
"Mature protein";"gm";"L";0,0928573311631531;TRUE;0,995523026228216;0,0947407439710436;0,980120350242699;-0,00188341280789044
"Mature protein";"gm";"M";0,0231395039392313;FALSE;0,996715891894846;0,0233267737996599;0,991971891953989;-0,000187269860428524
"Mature protein";"gm";"N";0,0376804545663389;FALSE;1,01078202691629;0,0369655161135581;1,01934068634628;0,000714938452780867
"Mature protein";"gm";"P";0,0398643077790494;FALSE;1,00375136502014;0,0394471457851816;1,01057521363243;0,000417161993867807
"Mature protein";"gm";"Q";0,0373152352977877;FALSE;1,00484877591514;0,0367433823208757;1,01556342777369;0,000571852976911986
"Mature protein";"gm";"R";0,0579437461763337;FALSE;0,990561940081628;0,0579551153460381;0,999803828020417;-1,13691697044074e-05
"Mature protein";"gm";"S";0,053702332114529;TRUE;1,00250864006922;0,0544513976712747;0,986243409925531;-0,00074906555674565
"Mature protein";"gm";"T";0,0606385180740675;FALSE;1,00303068763091;0,0604408333696742;1,00327071440568;0,000197684704393249
"Mature protein";"gm";"V";0,0731270474625208;FALSE;1,00178185676432;0,0729021303039553;1,00308519322587;0,000224917158565416
"Mature protein";"gm";"W";0,0109784919315969;FALSE;1,00634635493507;0,0108314072652741;1,01357946042657;0,000147084666322836
"Mature protein";"gm";"Y";0,0288924168146337;FALSE;1,00421063151739;0,0284344882473507;1,01610468819764;0,000457928567282908
"Mature protein";"gp";"A";0,0864540489143233;TRUE;1,00219035095469;0,0887005035684527;0,974673710252437;-0,00224645465412941
"Mature protein";"gp";"C";0,00546031552132542;TRUE;1,01012438607889;0,00551751621200594;0,989632891235362;-5,72006906805192e-05
"Mature protein";"gp";"D";0,0624794655651763;FALSE;0,999540668509671;0,0608267217331449;1,02717134484548;0,0016527438320313
"Mature protein";"gp";"E";0,0772463738659455;FALSE;0,992196401397978;0,0758395826540593;1,01854956425991;0,00140679121188614
"Mature protein";"gp";"F";0,0348539151005733;FALSE;0,994396026377821;0,0354707821613593;0,982609149750918;-0,000616867060786015
"Mature protein";"gp";"G";0,0711723523841313;FALSE;1,00282725494377;0,0706807231098069;1,00695563447421;0,000491629274324445
"Mature protein";"gp";"H";0,0224437601451613;FALSE;0,990550780826729;0,0222330906060935;1,00947549500878;0,000210669539067804
"Mature protein";"gp";"I";0,0682539699226982;FALSE;0,990398980650486;0,0687352823968409;0,992997592250166;-0,000481312474142681
"Mature protein";"gp";"K";0,0733750166402479;FALSE;0,99704817262435;0,0736695286744194;0,996002254399195;-0,000294512034171565
"Mature protein";"gp";"L";0,0796712093023674;TRUE;0,992924345862495;0,0820526754338297;0,970976374397654;-0,00238146613146224
"Mature protein";"gp";"M";0,0204380211023649;FALSE;0,991331112040562;0,0207006484802377;0,987313084509235;-0,000262627377872797
"Mature protein";"gp";"N";0,0396881128012528;FALSE;1,02289332907293;0,0384921928775858;1,0310691554381;0,00119591992366704
"Mature protein";"gp";"P";0,0364398198463456;FALSE;1,01096123716213;0,035938122667826;1,01396002743818;0,00050169717851959
"Mature protein";"gp";"Q";0,0357426767180662;FALSE;1,00464450612162;0,0351302394667246;1,01743333551488;0,000612437251341615
"Mature protein";"gp";"R";0,0524202527572587;FALSE;0,986039661966068;0,0527986088468645;0,992833976162077;-0,000378356089605798
"Mature protein";"gp";"S";0,0516251946755341;TRUE;1,01632257881219;0,0517733579683368;0,997138232893967;-0,000148163292802643
"Mature protein";"gp";"T";0,0663881950541074;FALSE;1,00782637564093;0,0661341158569721;1,0038418778847;0,000254079197135285
"Mature protein";"gp";"V";0,0735708906533569;FALSE;0,997682592551132;0,0742274390464805;0,991154909807512;-0,000656548393123527
"Mature protein";"gp";"W";0,0099306942906297;FALSE;1,01314670230272;0,00967286164547332;1,02665526031555;0,000257832645156386
"Mature protein";"gp";"Y";0,0323457147391338;FALSE;1,00680835913812;0,0314060065934862;1,02992128728147;0,000939708145647589
"Signal peptide";"euk";"A";0,138037657314511;TRUE;1,0104507404682;0,077205803215877;1,78791815595184;0,0608318540986344
"Signal peptide";"euk";"C";0,0327461652878571;TRUE;1,03027738587526;0,0217805097801654;1,50346183897301;0,0109656555076917
"Signal peptide";"euk";"D";0,00750187628227613;FALSE;0,953769642362507;0,0460379644463851;0,162949782260957;-0,038536088164109
"Signal peptide";"euk";"E";0,013310043878972;FALSE;0,966296746320023;0,0577746241532108;0,230378718581976;-0,0444645802742388
"Signal peptide";"euk";"F";0,0530037193481744;FALSE;1,03037585652791;0,0425377999317341;1,24603809866134;0,0104659194164403
"Signal peptide";"euk";"G";0,0617374032566989;FALSE;0,979339028463064;0,0690039022260216;0,894694376188735;-0,00726649896932275
"Signal peptide";"euk";"H";0,01061922843064;FALSE;0,958086276098198;0,0217443780577431;0,48836662067042;-0,0111251496271031
"Signal peptide";"euk";"I";0,0471454527120309;FALSE;1,04907072819343;0,0508527086491656;0,927098161816489;-0,0037072559371347
"Signal peptide";"euk";"K";0,0238814399344314;FALSE;1,02834486449366;0,0563401178970415;0,423879836000227;-0,0324586779626101
"Signal peptide";"euk";"L";0,246433192133913;TRUE;1,0150146764663;0,105502323192876;2,33580820474817;0,140930868941037
"Signal peptide";"euk";"M";0,0188359743593;FALSE;0,974815006132433;0,0180981491332999;1,04076799348738;0,00073782522600007
"Signal peptide";"euk";"N";0,0113256159838137;FALSE;0,955249918825875;0,0413262340905107;0,274053908686886;-0,0300006181066971
"Signal peptide";"euk";"P";0,0346755268432035;FALSE;0,898175925544146;0,0558227423823566;0,621172041418071;-0,0211472155391531
"Signal peptide";"euk";"Q";0,019798550361009;FALSE;0,964245260560214;0,0393459081977497;0,503192104792776;-0,0195473578367407
"Signal peptide";"euk";"R";0,0299402226735819;FALSE;0,919646673588975;0,0514162097669427;0,582310963979915;-0,0214759870933608
"Signal peptide";"euk";"S";0,077867206056724;TRUE;0,977347299029306;0,0825594482147854;0,943165291683465;-0,00469224215806141
"Signal peptide";"euk";"T";0,0527272324282436;FALSE;1,00217864992865;0,0547626222712862;0,962832498543266;-0,00203538984304261
"Signal peptide";"euk";"V";0,0903301801769785;FALSE;1,02526866252599;0,0660564761884262;1,36746895064931;0,0242737039885524
"Signal peptide";"euk";"W";0,0195461816654412;FALSE;0,995650451116814;0,0121394899738314;1,61013203252988;0,00740669169160984
"Signal peptide";"euk";"Y";0,0105371308721994;FALSE;0,998213247906494;0,0296925882305911;0,354874111693081;-0,0191554573583917
"Signal peptide";"gm";"A";0,224738415871696;TRUE;1,01563673575206;0,0957560180541625;2,3469899901704;0,128982397817533
"Signal peptide";"gm";"C";0,0136766186396548;TRUE;0,973841962356299;0,0100627970869129;1,3591269426909;0,0036138215527419
"Signal peptide";"gm";"D";0,00236968818952791;FALSE;0,786144056875885;0,0555116436265318;0,042688128736929;-0,0531419554370039
"Signal peptide";"gm";"E";0,00277129012621176;FALSE;0,842760874423187;0,0659587458026253;0,0420155067002722;-0,0631874556764135
"Signal peptide";"gm";"F";0,0515035548455415;FALSE;1,02007786985125;0,0369028280493655;1,39565332978395;0,014600726796176
"Signal peptide";"gm";"G";0,0456522033279999;FALSE;0,975673809632232;0,070443667960403;0,648066812103842;-0,0247914646324031
"Signal peptide";"gm";"H";0,011138515396153;FALSE;0,967791126414559;0,0224232480048842;0,496739606756651;-0,0112847326087312
"Signal peptide";"gm";"I";0,0528174219927709;FALSE;1,01711861323018;0,065766593258035;0,803104119830898;-0,0129491712652641
"Signal peptide";"gm";"K";0,0656006945890031;FALSE;1,03971046570649;0,0609355239631939;1,07655912877072;0,00466517062580918
"Signal peptide";"gm";"L";0,169081295479288;TRUE;1,02367468689804;0,0947407439710436;1,78467350362971;0,0743405515082442
"Signal peptide";"gm";"M";0,0295431045340313;FALSE;1,00288534158897;0,0233267737996599;1,26648909050861;0,00621633073437148
"Signal peptide";"gm";"N";0,0206536505657319;FALSE;0,945082562094006;0,0369655161135581;0,558727504366065;-0,0163118655478262
"Signal peptide";"gm";"P";0,0249746777436488;FALSE;0,932366677810848;0,0394471457851816;0,633117485347459;-0,0144724680415328
"Signal peptide";"gm";"Q";0,0173375373428871;FALSE;0,947850309341287;0,0367433823208757;0,471854691859352;-0,0194058449779885
"Signal peptide";"gm";"R";0,0274849914971836;FALSE;0,889575212603967;0,0579551153460381;0,474246170214249;-0,0304701238488545
"Signal peptide";"gm";"S";0,0956243622277933;TRUE;1,00059413293125;0,0544513976712747;1,75614155590792;0,0411729645565186
"Signal peptide";"gm";"T";0,0592946547709947;FALSE;0,982433684100124;0,0604408333696742;0,981036353491866;-0,00114617859867956
"Signal peptide";"gm";"V";0,068217988067894;FALSE;1,00380843934178;0,0729021303039553;0,935747525942911;-0,00468414223606138
"Signal peptide";"gm";"W";0,0068340937046798;FALSE;0,950069198163914;0,0108314072652741;0,630951596344288;-0,00399731356059429
"Signal peptide";"gm";"Y";0,0106852410873093;FALSE;0,968773069263689;0,0284344882473507;0,375784540040205;-0,0177492471600414
"Signal peptide";"gp";"A";0,164419404179139;TRUE;0,988406303283789;0,0887005035684527;1,85364679527723;0,0757189006106862
"Signal peptide";"gp";"C";0,00963779612968136;TRUE;1,04739062354771;0,00551751621200594;1,74676353622846;0,00412027991767542
"Signal peptide";"gp";"D";0,00703448892560109;FALSE;0,949429085958547;0,0608267217331449;0,115648003462398;-0,0537922328075439
"Signal peptide";"gp";"E";0,0117556832952642;FALSE;0,983715578147707;0,0758395826540593;0,155007225565672;-0,0640838993587951
"Signal peptide";"gp";"F";0,0502956626945275;FALSE;1,03919532204397;0,0354707821613593;1,41794625406704;0,0148248805331682
"Signal peptide";"gp";"G";0,0595590991420552;FALSE;0,971521523627131;0,0706807231098069;0,842649827584905;-0,0111216239677517
"Signal peptide";"gp";"H";0,00849600005700551;FALSE;0,96073687131111;0,0222330906060935;0,382133109945451;-0,013737090549088
"Signal peptide";"gp";"I";0,0657317872198927;FALSE;1,03781810463408;0,0687352823968409;0,956303443119538;-0,0030034951769482
"Signal peptide";"gp";"K";0,076456136479391;FALSE;1,00753535442448;0,0736695286744194;1,03782578570968;0,0027866078049715
"Signal peptide";"gp";"L";0,144168165082861;TRUE;1,03199247682924;0,0820526754338297;1,75701967450316;0,0621154896490316
"Signal peptide";"gp";"M";0,0246206304739926;FALSE;1,04581439495619;0,0207006484802377;1,18936517846275;0,00391998199375496
"Signal peptide";"gp";"N";0,0282358553373816;FALSE;0,988609361770749;0,0384921928775858;0,73354759047317;-0,0102563375402042
"Signal peptide";"gp";"P";0,0323024673626138;FALSE;0,979373358298377;0,035938122667826;0,898835692147407;-0,0036356553052122
"Signal peptide";"gp";"Q";0,019889192607733;FALSE;0,962039096771733;0,0351302394667246;0,56615590755002;-0,0152410468589916
"Signal peptide";"gp";"R";0,0381588538567796;FALSE;0,928236305446313;0,0527986088468645;0,722724607526203;-0,0146397549900849
"Signal peptide";"gp";"S";0,0824077346499817;TRUE;0,99940278775514;0,0517733579683368;1,59170156010317;0,0306343766816449
"Signal peptide";"gp";"T";0,0744019040861036;FALSE;0,997748611205953;0,0661341158569721;1,12501547986235;0,00826778822913149
"Signal peptide";"gp";"V";0,0884203337366758;FALSE;0,987852273309083;0,0742274390464805;1,1912081956823;0,0141928946901954
"Signal peptide";"gp";"W";0,0056816315891615;FALSE;1,0335628943066;0,00967286164547332;0,587378564627809;-0,00399123005631182
"Signal peptide";"gp";"Y";0,00832717309415819;FALSE;0,954544992491996;0,0314060065934862;0,265145874862208;-0,023078833499328
